{"used":[{"sqrtCoefficient":1.1832159566199232,"uid":1,"name":"Steel","coefficient":1.4,"efficiency":1.0,"isStator":false,"isCustom":false},{"sqrtCoefficient":0.806225774829855,"uid":8,"name":"Th Stator","coefficient":0.65,"efficiency":0.0,"isStator":true,"isCustom":true},{"sqrtCoefficient":0.7745966692414834,"uid":16,"name":"Trinitite Stator","coefficient":0.6,"efficiency":0.0,"isStator":true,"isCustom":true}],"available":[{"sqrtCoefficient":1.4832396974191326,"uid":3,"name":"Cf Blade","coefficient":2.2,"efficiency":1.27,"isStator":false,"isCustom":false},{"sqrtCoefficient":1.3784048752090221,"uid":14,"name":"Bk Blade","coefficient":1.9,"efficiency":1.23,"isStator":false,"isCustom":true},{"sqrtCoefficient":1.3416407864998738,"uid":15,"name":"SiC","coefficient":1.8,"efficiency":1.2,"isStator":false,"isCustom":true},{"sqrtCoefficient":1.2649110640673518,"uid":2,"name":"Extreme","coefficient":1.6,"efficiency":1.1,"isStator":false,"isCustom":false},{"sqrtCoefficient":1.2922847983320085,"uid":12,"name":"Am Blade","coefficient":1.67,"efficiency":1.14,"isStator":false,"isCustom":true},{"sqrtCoefficient":1.3152946437965905,"uid":13,"name":"Cm Blade","coefficient":1.73,"efficiency":1.17,"isStator":false,"isCustom":true},{"sqrtCoefficient":0.83666002653407556,"uid":9,"name":"DU Stator","coefficient":0.7,"efficiency":0.0,"isStator":true,"isCustom":true},{"sqrtCoefficient":1.2369316876852983,"uid":11,"name":"Pu Blade","coefficient":1.53,"efficiency":1.07,"isStator":false,"isCustom":true},{"sqrtCoefficient":1.2124355652982142,"uid":10,"name":"Np Blade","coefficient":1.47,"efficiency":1.04,"isStator":false,"isCustom":true},{"sqrtCoefficient":0.8660254037844386,"uid":0,"name":"Stator","coefficient":0.75,"efficiency":0.0,"isStator":true,"isCustom":false}],"shaftLength":24,"fuelMode":0,"rfpermb":3.0,"expansion":2.5,"selectedFuel":0,"overhaulMode":true}